{
  "Tranche": [
    {"min_tranche": 0, "max_tranche": 6500, "taux": 3.945},
    {"min_tranche": 6500, "max_tranche": 17000, "taux": 1.627},
    {"min_tranche": 17000, "max_tranche": 60000, "taux": 1.085},
    {"min_tranche": 60000, "max_tranche": null, "taux": 0.814}
  ],
  "Majoration": {
    "martinique_guadeloupe_guyane": 25,
    "mayotte_reunion": 40
  },
  "droite_enregistrement": {
    "pppel": 0,
    "autre_pret": 0.71498
  },
  "TVA": {
    "metropolitane_et_corse": 20,
    "outre_mer": 8.5
  },
  "Emoluments": {
    "metropolitane": 1360,
    "mayotte_reunion": 1721.5,
    "martinique_guadeloupe_guyane": 1537.1,
    "metropolitane_chyp": 250,
    "mayotte_reunion_chyp": 317,
    "martinique_guadeloupe_guyane_chyp": 283
  },

  "DMTO": {
    "10": {
      "neuf": 0.71498,
      "ancien": 5.80665
    },
    "11": {
      "neuf": 0.71498,
      "ancien": 5.80665
    },
    "12": {
      "neuf": 0.71498,
      "ancien": 5.80665
    },
    "13": {
      "neuf": 0.71498,
      "ancien": 5.80665
    },
    "14": {
      "neuf": 0.71498,
      "ancien": 5.80665
    },
    "15": {
      "neuf": 0.71498,
      "ancien": 5.80665
    },
    "16": {
      "neuf": 0.71498,
      "ancien": 5.80665
    },
    "17": {
      "neuf": 0.71498,
      "ancien": 5.80665
    },
    "18": {
      "neuf": 0.71498,
      "ancien": 5.80665
    },
    "19": {
      "neuf": 0.71498,
      "ancien": 5.80665
    },
    "22": {
      "neuf": 0.71498,
      "ancien": 5.80665
    },
    "23": {
      "neuf": 0.71498,
      "ancien": 5.80665
    },
    "24": {
      "neuf": 0.71498,
      "ancien": 5.80665
    },
    "25": {
      "neuf": 0.71498,
      "ancien": 5.80665
    },
    "26": {
      "neuf": 0.71498,
      "ancien": 5.80665
    },
    "27": {
      "neuf": 0.71498,
      "ancien": 5.80665
    },
    "28": {
      "neuf": 0.71498,
      "ancien": 5.80665
    },
    "29": {
      "neuf": 0.71498,
      "ancien": 5.80665
    },
    "30": {
      "neuf": 0.71498,
      "ancien": 5.80665
    },
    "31": {
      "neuf": 0.71498,
      "ancien": 5.80665
    },
    "32": {
      "neuf": 0.71498,
      "ancien": 5.80665
    },
    "33": {
      "neuf": 0.71498,
      "ancien": 5.80665
    },
    "34": {
      "neuf": 0.71498,
      "ancien": 5.80665
    },
    "35": {
      "neuf": 0.71498,
      "ancien": 5.80665
    },
    "36": {
      "neuf": 0.71498,
      "ancien": 5.09006
    },
    "37": {
      "neuf": 0.71498,
      "ancien": 5.80665
    },
    "38": {
      "neuf": 0.71498,
      "ancien": 5.09006
    },
    "39": {
      "neuf": 0.71498,
      "ancien": 5.80665
    },
    "40": {
      "neuf": 0.71498,
      "ancien": 5.80665
    },
    "41": {
      "neuf": 0.71498,
      "ancien": 5.80665
    },
    "42": {
      "neuf": 0.71498,
      "ancien": 5.80665
    },
    "43": {
      "neuf": 0.71498,
      "ancien": 5.80665
    },
    "44": {
      "neuf": 0.71498,
      "ancien": 5.80665
    },
    "45": {
      "neuf": 0.71498,
      "ancien": 5.80665
    },
    "46": {
      "neuf": 0.71498,
      "ancien": 5.80665
    },
    "47": {
      "neuf": 0.71498,
      "ancien": 5.80665
    },
    "48": {
      "neuf": 0.71498,
      "ancien": 5.80665
    },
    "49": {
      "neuf": 0.71498,
      "ancien": 5.80665
    },
    "50": {
      "neuf": 0.71498,
      "ancien": 5.80665
    },
    "51": {
      "neuf": 0.71498,
      "ancien": 5.80665
    },
    "52": {
      "neuf": 0.71498,
      "ancien": 5.80665
    },
    "53": {
      "neuf": 0.71498,
      "ancien": 5.80665
    },
    "54": {
      "neuf": 0.71498,
      "ancien": 5.80665
    },
    "55": {
      "neuf": 0.71498,
      "ancien": 5.80665
    },
    "56": {
      "neuf": 0.71498,
      "ancien": 5.09006
    },
    "57": {
      "neuf": 0.71498,
      "ancien": 5.80665
    },
    "58": {
      "neuf": 0.71498,
      "ancien": 5.80665
    },
    "59": {
      "neuf": 0.71498,
      "ancien": 5.80665
    },
    "60": {
      "neuf": 0.71498,
      "ancien": 5.80665
    },
    "61": {
      "neuf": 0.71498,
      "ancien": 5.80665
    },
    "62": {
      "neuf": 0.71498,
      "ancien": 5.80665
    },
    "63": {
      "neuf": 0.71498,
      "ancien": 5.80665
    },
    "64": {
      "neuf": 0.71498,
      "ancien": 5.80665
    },
    "65": {
      "neuf": 0.71498,
      "ancien": 5.80665
    },
    "66": {
      "neuf": 0.71498,
      "ancien": 5.80665
    },
    "67": {
      "neuf": 0.71498,
      "ancien": 5.80665
    },
    "68": {
      "neuf": 0.71498,
      "ancien": 5.80665
    },
    "69": {
      "neuf": 0.71498,
      "ancien": 5.80665
    },
    "70": {
      "neuf": 0.71498,
      "ancien": 5.80665
    },
    "71": {
      "neuf": 0.71498,
      "ancien": 5.80665
    },
    "72": {
      "neuf": 0.71498,
      "ancien": 5.80665
    },
    "73": {
      "neuf": 0.71498,
      "ancien": 5.80665
    },
    "74": {
      "neuf": 0.71498,
      "ancien": 5.80665
    },
    "75": {
      "neuf": 0.71498,
      "ancien": 5.80665
    },
    "76": {
      "neuf": 0.71498,
      "ancien": 5.80665
    },
    "77": {
      "neuf": 0.71498,
      "ancien": 5.80665
    },
    "78": {
      "neuf": 0.71498,
      "ancien": 5.80665
    },
    "79": {
      "neuf": 0.71498,
      "ancien": 5.80665
    },
    "80": {
      "neuf": 0.71498,
      "ancien": 5.80665
    },
    "81": {
      "neuf": 0.71498,
      "ancien": 5.80665
    },
    "82": {
      "neuf": 0.71498,
      "ancien": 5.80665
    },
    "83": {
      "neuf": 0.71498,
      "ancien": 5.80665
    },
    "84": {
      "neuf": 0.71498,
      "ancien": 5.80665
    },
    "85": {
      "neuf": 0.71498,
      "ancien": 5.80665
    },
    "86": {
      "neuf": 0.71498,
      "ancien": 5.80665
    },
    "87": {
      "neuf": 0.71498,
      "ancien": 5.80665
    },
    "88": {
      "neuf": 0.71498,
      "ancien": 5.80665
    },
    "89": {
      "neuf": 0.71498,
      "ancien": 5.80665
    },
    "90": {
      "neuf": 0.71498,
      "ancien": 5.80665
    },
    "91": {
      "neuf": 0.71498,
      "ancien": 5.80665
    },
    "92": {
      "neuf": 0.71498,
      "ancien": 5.80665
    },
    "93": {
      "neuf": 0.71498,
      "ancien": 5.80665
    },
    "94": {
      "neuf": 0.71498,
      "ancien": 5.80665
    },
    "95": {
      "neuf": 0.71498,
      "ancien": 5.80665
    },
    "971": {
      "neuf": 0.71498,
      "ancien": 5.80665
    },
    "972": {
      "neuf": 0.71498,
      "ancien": 5.09006
    },
    "973": {
      "neuf": 0.71498,
      "ancien": 5.80665
    },
    "974": {
      "neuf": 0.71498,
      "ancien": 5.80665
    },
    "975": {
      "neuf": 0.71498,
      "ancien": 5.80665
    },
    "976": {
      "neuf": 0.71498,
      "ancien": 5.09006
    },
    "01": {
      "neuf": 0.71498,
      "ancien": 5.80665
    },
    "02": {
      "neuf": 0.71498,
      "ancien": 5.80665
    },
    "03": {
      "neuf": 0.71498,
      "ancien": 5.80665
    },
    "04": {
      "neuf": 0.71498,
      "ancien": 5.80665
    },
    "05": {
      "neuf": 0.71498,
      "ancien": 5.80665
    },
    "06": {
      "neuf": 0.71498,
      "ancien": 5.80665
    },
    "07": {
      "neuf": 0.71498,
      "ancien": 5.80665
    },
    "08": {
      "neuf": 0.71498,
      "ancien": 5.80665
    },
    "09": {
      "neuf": 0.71498,
      "ancien": 5.80665
    },
    "2A": {
      "neuf": 0.71498,
      "ancien": 5.80665
    },
    "2B": {
      "neuf": 0.71498,
      "ancien": 5.80665
    }
  },
  "securite": 0.1,
  "securite_min": 15
}